Articles,
https://www.nbcnews.com/politics/congress/jan-6-committee-unveils-final-report-capping-18-month-probe-rcna62629,
https://www.nbcnews.com/politics/congress/house-passes-17-trillion-spending-bill-rewrites-us-election-law-sendin-rcna62608,
https://www.nbcnews.com/politics/2022-election/hobbs-seeks-sanctions-lake-election-suit-dismissed-rcna63274,
https://www.nbcnews.com/politics/justice-department/intel-community-escapes-major-criticism-jan-6-committee-missing-forese-rcna62628,
https://www.nbcnews.com/politics/politics-news/abortion-rights-groups-look-new-ballot-measures-2023-2024-rcna61317,
https://www.nbcnews.com/politics/immigration/migrants-texas-harris-house-christmas-eve-rcna63204,
https://www.nbcnews.com/politics/congress/five-major-bills-congress-passed-2022-rcna61472,
https://www.nbcnews.com/politics/politics-news/ny-rep-elect-santos-admits-lying-career-college-rcna63290,
https://www.nbcnews.com/politics/justice-department/jan-6-participant-arrested-hours-long-standoff-fbi-rcna63035,
https://www.nbcnews.com/politics/congress/read-full-jan-6-committee-report-detailing-investigation-capitol-attac-rcna63065,
https://www.nbcnews.com/politics/congress/mcconnell-touts-gop-wins-filibuster-military-spending-rcna62973,
https://www.nbcnews.com/politics/politics-news/conservatives-look-curtail-ballot-measure-process-rcna62484,
https://www.nbcnews.com/politics/congress/senate-passes-17-trillion-government-funding-bill-overhauls-us-electio-rcna62607,
https://www.nbcnews.com/politics/congress/cassidy-hutchinson-knew-was-going-nuked-turning-trump-anyway-rcna62981,
https://www.nbcnews.com/politics/congress/irs-went-easy-trump-taxes-accountants-report-rcna62991,
https://www.nbcnews.com/politics/congress/live-blog/jan-6-committee-final-report-live-updates-rcna62676,
https://www.nbcnews.com/politics/congress/house-passes-bill-protect-sex-marriage-sending-bidens-desk-rcna60128,
https://www.nbcnews.com/politics/congress/mcconnell-calls-diminished-trump-vows-not-bow-candidates-2024-rcna62870,
