Articles,Video
https://www.bbc.com/news/world-us-canada-63564061,https://www.bbc.com/news/world-us-canada-62413111
https://www.bbc.com/news/world-us-canada-58878473,https://www.bbc.com/news/world-us-canada-53576086
https://www.bbc.com/news/world-us-canada-65615314,https://www.bbc.com/news/world-us-canada-57118304
https://www.bbc.com/news/election-us-2020-54095699,https://www.bbc.com/news/election-us-2020-55357808
https://www.bbc.com/news/world-us-canada-63569850,https://www.bbc.com/news/election-us-2020-54802099
https://www.bbc.com/news/world-us-canada-63877555,https://www.bbc.com/news/election-us-2020-53909470
https://www.bbc.com/news/world-us-canada-63565224,https://www.bbc.com/news/world-us-canada-54740177
https://www.bbc.com/news/62261164,https://www.bbc.com/news/world-61288901
https://www.bbc.com/news/world-us-canada-65853472,https://www.bbc.com/news/world-us-canada-52577500
https://www.bbc.com/news/world-us-canada-53809955,https://www.bbc.com/news/world-us-canada-51417720
https://www.bbc.com/news/world-us-canada-61004345,https://www.bbc.com/news/world-us-canada-56236646
https://www.bbc.com/news/world-us-canada-55656824,https://www.bbc.com/news/world-us-canada-62683119
https://www.bbc.com/news/world-us-canada-54665375,https://www.bbc.com/news/election-us-2020-55154584
https://www.bbc.com/news/world-us-canada-65863399,https://www.bbc.com/news/world-us-canada-54242205
https://www.bbc.com/news/world-us-canada-65573756,https://www.bbc.com/news/world-55759840
https://www.bbc.com/news/world-us-canada-50840934,https://www.bbc.com/news/world-us-canada-50509796
https://www.bbc.com/news/world-us-canada-64230040,https://www.bbc.com/news/world-us-canada-55431724
https://www.bbc.com/news/election-us-2020-54366618,https://www.bbc.com/news/world-us-canada-63883649
https://www.bbc.com/news/world-us-canada-64561135,https://www.bbc.com/news/world-us-canada-57590483
https://www.bbc.com/news/world-us-canada-55224893,https://www.bbc.com/news/world-us-canada-50408245
https://www.bbc.com/news/live/world-us-canada-51331905,https://www.bbc.com/news/world-us-canada-60060674
https://www.bbc.com/news/world-us-canada-51389540,https://www.bbc.com/news/world-us-canada-51389545
https://www.bbc.com/news/live/world-us-canada-63540641,https://www.bbc.com/news/world-us-canada-59500093
https://www.bbc.com/news/election-us-2020-53657174,https://www.bbc.com/news/world-us-canada-53413160
https://www.bbc.com/news/world-us-canada-50423763,https://www.bbc.com/news/world-us-canada-55761046
https://www.bbc.com/news/world-us-canada-51320848,https://www.bbc.com/news/world-us-canada-56528044
https://www.bbc.com/news/world-us-canada-52376944,https://www.bbc.com/news/world-us-canada-50839694
https://www.bbc.com/news/world-latin-america-53655483,https://www.bbc.com/news/world-us-canada-51843828
https://www.bbc.com/news/business-64792718,https://www.bbc.com/news/world-us-canada-58959326
https://www.bbc.com/news/world-us-canada-62691011,https://www.bbc.com/news/world-us-canada-56929275
https://www.bbc.com/news/live/world-us-canada-50731830,https://www.bbc.com/news/world-us-canada-56532088
https://www.bbc.com/news/world-us-canada-62558319,https://www.bbc.com/news/election-us-2020-53899551
https://www.bbc.com/news/world-us-canada-56585169,https://www.bbc.com/news/election-us-2020-54665416
https://www.bbc.com/news/world-us-canada-64541672,https://www.bbc.com/news/61848490
https://www.bbc.com/news/magazine-35364868,https://www.bbc.com/news/world-us-canada-50831440
https://www.bbc.com/news/world-us-canada-62879464,https://www.bbc.com/news/world-us-canada-50408244
https://www.bbc.com/news/business-55324489,https://www.bbc.com/iplayer/episode/l0056bv8
https://www.bbc.com/news/world-us-canada-65181178,https://www.bbc.com/news/world-us-canada-62829669
https://www.bbc.com/news/election-us-2020-54463280,https://www.bbc.com/news/world-us-canada-50352938
https://www.bbc.com/news/world-us-canada-55897922,https://www.bbc.com/news/world-us-canada-53521064
https://www.bbc.com/news/world-us-canada-61889951,https://www.bbc.com/news/world-us-canada-49990158
https://www.bbc.com/news/world-us-canada-64636641,https://www.bbc.com/news/world-us-canada-50161024
https://www.bbc.com/news/world-us-canada-50651514,https://www.bbc.com/news/world-us-canada-62261650
https://www.bbc.com/news/business-55177848,https://www.bbc.com/news/world-us-canada-51367459
https://www.bbc.com/news/world-us-canada-62742687,https://www.bbc.com/news/world-us-canada-57121277
https://www.bbc.com/news/world-us-canada-63139993,https://www.bbc.com/news/election-us-2020-54665415
https://www.bbc.com/news/world-us-canada-55897126,https://www.bbc.com/news/world-us-canada-53058730
https://www.bbc.com/news/business-55250366,https://www.bbc.com/news/uk-politics-56325722
https://www.bbc.com/news/world-us-canada-64275373,https://www.bbc.com/news/world-us-canada-55656738
https://www.bbc.com/news/world-us-canada-55575260,https://www.bbc.com/news/election-us-2020-54849954
https://www.bbc.com/news/world-us-canada-55773123,https://www.bbc.com/news/world-us-canada-63162432
https://www.bbc.com/news/world-us-canada-63551469,https://www.bbc.com/news/world-us-canada-55835266
https://www.bbc.com/news/election-us-2020-53858329,https://www.bbc.com/news/world-us-canada-53914807
https://www.bbc.com/news/world-us-canada-50272171,https://www.bbc.com/news/world-us-canada-52376942
https://www.bbc.com/news/election-us-2020-54360042,https://www.bbc.com/news/world-us-canada-63645271
https://www.bbc.com/news/business-52101665,https://www.bbc.com/news/newsbeat-54786119
https://www.bbc.com/news/live/world-us-canada-64248626,https://www.bbc.com/news/world-us-canada-50438341
https://www.bbc.com/news/world-us-canada-65505687,https://www.bbc.com/news/world-us-canada-61889595
https://www.bbc.com/news/world-us-canada-53055937,https://www.bbc.com/news/world-us-canada-50049876
https://www.bbc.com/news/world-us-canada-56546480,https://www.bbc.com/news/election-us-2020-55369250
https://www.bbc.com/news/world-us-canada-53858940,https://www.bbc.com/news/election-us-2020-55008827
https://www.bbc.com/news/world-us-canada-50814838,https://www.bbc.com/news/world-us-canada-55835353
https://www.bbc.com/news/world-us-canada-64670748,https://www.bbc.com/news/election-us-2020-55080488
https://www.bbc.com/news/world-us-canada-57152879,https://www.bbc.com/news/world-us-canada-53002325
https://www.bbc.com/news/world-us-canada-50857989,https://www.bbc.com/news/world-us-canada-58288575
https://www.bbc.com/news/world-us-canada-51493403,https://www.bbc.com/news/world-us-canada-60499391
https://www.bbc.com/news/world-us-canada-56246507,https://www.bbc.com/news/world-us-canada-55754982
https://www.bbc.com/news/world-us-canada-56919082,https://www.bbc.com/news/world-us-canada-65118223
https://www.bbc.com/news/world-us-canada-55278650,https://www.bbc.com/programmes/p094mnzb
https://www.bbc.com/news/world-us-canada-63837311,https://www.bbc.com/news/election-us-2020-54085052
https://www.bbc.com/news/world-us-canada-51367291,https://www.bbc.com/news/election-us-2020-55279969
https://www.bbc.com/news/world-us-canada-50323607,https://www.bbc.com/news/world-us-canada-59236320
https://www.bbc.com/news/world-us-canada-63434895,https://www.bbc.com/news/world-us-canada-57560500
https://www.bbc.com/news/world-us-canada-50722427,https://www.bbc.com/news/world-us-canada-60164937
https://www.bbc.com/news/world-us-canada-52622038,https://www.bbc.com/news/world-us-canada-55760641
https://www.bbc.com/news/world-us-canada-64404496,https://www.bbc.com/news/world-us-canada-63563189
https://www.bbc.com/news/live/world-us-canada-65541012,https://www.bbc.com/news/world-us-canada-55836480
https://www.bbc.com/news/world-us-canada-63967234,https://www.bbc.com/news/election-us-2020-54851046
https://www.bbc.com/news/election-us-2020-55683895,https://www.bbc.com/news/stories-61598048
https://www.bbc.com/news/election-us-2020-54504585,https://www.bbc.com/news/election-us-2020-54650687
https://www.bbc.com/news/world-us-canada-63564060,https://www.bbc.com/news/world-us-canada-51570445
https://www.bbc.com/news/world-us-canada-59514465,https://www.bbc.com/news/world-us-canada-55745027
https://www.bbc.com/news/world-us-canada-51420373,https://www.bbc.com/news/world-us-canada-60060914
https://www.bbc.com/news/world-us-canada-56355124,https://www.bbc.com/news/world-us-canada-59307208
https://www.bbc.com/news/world-us-canada-55738746,https://www.bbc.com/news/world-us-canada-52377595
https://www.bbc.com/news/world-us-canada-57619601,https://www.bbc.com/news/world-us-canada-58289880
https://www.bbc.com/news/world-us-canada-55518870,https://www.bbc.com/news/world-us-canada-63966881
https://www.bbc.com/news/world-us-canada-65553168,https://www.bbc.com/news/election-us-2020-54772656
https://www.bbc.com/news/world-europe-63068931,https://www.bbc.com/news/uk-55166893
https://www.bbc.com/news/election-us-2020-54405737,https://www.bbc.com/news/62807527
https://www.bbc.com/news/world-europe-58174022,https://www.bbc.com/news/world-us-canada-50355567
https://www.bbc.com/news/world-us-canada-65141157,https://www.bbc.com/news/election-us-2020-54831457
https://www.bbc.com/news/world-us-canada-51678640,https://www.bbc.com/news/election-us-2020-54754799
https://www.bbc.com/news/world-us-canada-51126431,https://www.bbc.com/news/world-us-canada-64641732
https://www.bbc.com/news/world-us-canada-58565271,https://www.bbc.com/news/world-us-canada-50788703
https://www.bbc.com/news/world-us-canada-55893455,https://www.bbc.com/news/world-us-canada-53016848
https://www.bbc.com/news/world-us-canada-57408094,https://www.bbc.com/news/world-us-canada-51250996
https://www.bbc.com/news/business-55357340,https://www.bbc.com/news/world-us-canada-51693851
https://www.bbc.com/news/world-us-canada-50067745,https://www.bbc.com/news/world-us-canada-57325485
https://www.bbc.com/newsround/47132198,https://www.bbc.com/news/world-us-canada-49990162
https://www.bbc.com/news/world-us-canada-64898451,https://www.bbc.com/news/world-us-canada-52466006
https://www.bbc.com/news/world-us-canada-62528709,https://www.bbc.com/news/world-us-canada-55805876
https://www.bbc.com/news/world-us-canada-64788207,https://www.bbc.com/news/election-us-2020-54351472
https://www.bbc.com/news/world-us-canada-57978407,https://www.bbc.com/news/world-us-canada-50189009
https://www.bbc.com/news/technology-54552101,https://www.bbc.com/news/world-us-canada-63671877
https://www.bbc.com/news/world-us-canada-50829474,https://www.bbc.com/news/world-us-canada-51363923
https://www.bbc.com/news/world-us-canada-50763484,https://www.bbc.com/news/world-us-canada-51678645
https://www.bbc.com/news/world-us-canada-50412128,https://www.bbc.com/news/world-us-canada-55944827
https://www.bbc.com/news/election-us-2020-54359993,https://www.bbc.com/news/world-us-canada-50665856
https://www.bbc.com/news/world-us-canada-45667690,https://www.bbc.com/news/election-us-2020-54655259
https://www.bbc.com/news/world-us-canada-58904507,https://www.bbc.com/news/stories-60090476
https://www.bbc.com/news/world-us-canada-51109340,https://www.bbc.com/news/world-us-canada-49990166
https://www.bbc.com/news/world-us-canada-64127827,https://www.bbc.com/news/world-us-canada-60179144
https://www.bbc.com/news/election-us-2020-54430227,https://www.bbc.com/news/world-us-canada-51439102
https://www.bbc.com/news/world-us-canada-62338119,https://www.bbc.com/news/world-us-canada-50408243
https://www.bbc.com/news/world-us-canada-65350125,https://www.bbc.com/news/world-us-canada-51731322
https://www.bbc.com/news/world-us-canada-63606917,https://www.bbc.com/news/world-us-canada-55651929
https://www.bbc.com/news/world-us-canada-65729305,https://www.bbc.com/news/world-51152351
https://www.bbc.com/news/live/world-us-canada-55730500,https://www.bbc.com/news/world-us-canada-50241233
https://www.bbc.com/news/world-us-canada-63531155,https://www.bbc.com/news/election-us-2020-55151354
https://www.bbc.com/news/world-us-canada-63685013,https://www.bbc.com/news/world-us-canada-50864158
https://www.bbc.com/news/world-us-canada-53357590,https://www.bbc.com/news/world-us-canada-62458703
https://www.bbc.com/news/world-us-canada-35318432,https://www.bbc.com/news/world-us-canada-65019189
https://www.bbc.com/news/business-55337323,https://www.bbc.com/news/world-us-canada-62683116
https://www.bbc.com/news/world-us-canada-62911630,https://www.bbc.com/news/world-us-canada-62232515
https://www.bbc.com/news/world-us-canada-64362655,https://www.bbc.com/news/world-us-canada-60268412
https://www.bbc.com/news/election-us-2020-54976115,https://www.bbc.com/news/world-us-canada-51581309
https://www.bbc.com/news/election-us-2020-54472696,https://www.bbc.com/news/election-us-2020-54858668
https://www.bbc.com/news/business-56019033,https://www.bbc.com/news/world-us-canada-55195831
https://www.bbc.com/news/world-us-canada-64122250,https://www.bbc.com/news/world-us-canada-57703460
https://www.bbc.com/news/election-us-2020-53914757,https://www.bbc.com/news/world-us-canada-55081192
https://www.bbc.com/news/election-us-2020-55048975,https://www.bbc.com/news/world-us-canada-48041524
https://www.bbc.com/news/world-us-canada-55490781,https://www.bbc.com/news/world-us-canada-50085952
https://www.bbc.com/news/world-us-canada-50399230,https://www.bbc.com/news/election-us-2020-54723229
https://www.bbc.com/news/world-us-canada-53914606,https://www.bbc.com/news/magazine-50352589
https://www.bbc.com/news/world-us-canada-55761044,https://www.bbc.com/news/world-us-canada-51366828
https://www.bbc.com/news/world-us-canada-62514009,https://www.bbc.com/news/world-us-canada-51678644
https://www.bbc.com/news/world-us-canada-54323654,https://www.bbc.com/news/world-us-canada-54661152
https://www.bbc.com/news/world-us-canada-53702762,https://www.bbc.com/news/world-us-canada-62246729
https://www.bbc.com/news/world-us-canada-51406947,https://www.bbc.com/news/world-middle-east-51289277
https://www.bbc.com/news/world-us-canada-65654865,https://www.bbc.com/news/world-us-canada-50845853
https://www.bbc.com/news/world-us-canada-34532136,https://www.bbc.com/news/world-us-canada-53413162
https://www.bbc.com/news/election-us-2020-54459854,https://www.bbc.com/news/world-us-canada-54754415
https://www.bbc.com/news/business-56569935,https://www.bbc.com/news/world-us-canada-54216026
https://www.bbc.com/news/world-us-canada-57180679,https://www.bbc.com/news/election-us-2020-54396559
https://www.bbc.com/news/world-us-canada-59149005,https://www.bbc.com/news/in-pictures-54655261
https://www.bbc.com/news/world-us-canada-56919077,https://www.bbc.com/news/world-us-canada-50509793
https://www.bbc.com/news/world-us-canada-51419301,https://www.bbc.com/news/world-us-canada-55683896
https://www.bbc.com/news/world-us-canada-55417483,https://www.bbc.com/programmes/p094qh8x
https://www.bbc.com/news/world-us-canada-63308164,https://www.bbc.com/news/world-us-canada-63685006
https://www.bbc.com/news/world-us-canada-65839912,https://www.bbc.com/news/world-us-canada-55960368
https://www.bbc.com/news/world-us-canada-51553411,https://www.bbc.com/news/election-us-2020-54754800
https://www.bbc.com/news/world-us-canada-63669581,https://www.bbc.com/news/world-us-canada-54979394
https://www.bbc.com/news/world-us-canada-51117650,https://www.bbc.com/news/world-us-canada-57166733
https://www.bbc.com/news/world-us-canada-64460736,https://www.bbc.com/news/election-us-2020-54859464
https://www.bbc.com/news/world-us-canada-63576321,https://www.bbc.com/news/science-environment-51418310
https://www.bbc.com/news/world-us-canada-65394456,https://www.bbc.com/news/world-us-canada-61753865
https://www.bbc.com/news/world-us-canada-63902626,https://www.bbc.com/news/world-us-canada-51288507
https://www.bbc.com/news/election-us-2020-54423497,https://www.bbc.com/news/world-us-canada-50509798
https://www.bbc.com/news/live/world-us-canada-50399361,https://www.bbc.com/news/world-us-canada-57249768
https://www.bbc.com/news/world-us-canada-54654937,https://www.bbc.com/news/election-us-2020-55062771
https://www.bbc.com/news/world-us-canada-65775163,https://www.bbc.com/news/world-us-canada-53856655
https://www.bbc.com/news/business-55337327,https://www.bbc.com/news/election-us-2020-54655257
https://www.bbc.com/news/world-us-canada-65852062,https://www.bbc.com/news/world-us-canada-54393457
https://www.bbc.com/news/world-us-canada-62578350,
https://www.bbc.com/news/world-us-canada-59650800,
https://www.bbc.com/news/55561877,
https://www.bbc.com/news/world-us-canada-57660073,
https://www.bbc.com/news/world-europe-63387905,
https://www.bbc.com/news/world-us-canada-46954566,
https://www.bbc.com/news/world-us-canada-51405812,
https://www.bbc.com/news/world-us-canada-15171918,
https://www.bbc.com/news/world-us-canada-51241462,
https://www.bbc.com/news/world-asia-china-53427782,
https://www.bbc.com/news/world-us-canada-64883668,
https://www.bbc.com/news/world-us-canada-62130595,
https://www.bbc.com/news/world-us-canada-65245494,
https://www.bbc.com/news/world-us-canada-65540708,
https://www.bbc.com/news/world-us-canada-63402244,
https://www.bbc.com/news/world-us-canada-64222475,
https://www.bbc.com/news/world-us-canada-65423301,
https://www.bbc.com/news/world-us-canada-63556122,
https://www.bbc.com/news/world-us-canada-64493028,
https://www.bbc.com/news/world-us-canada-65846402,
https://www.bbc.com/news/business-55723925,
https://www.bbc.com/news/business-65562288,
https://www.bbc.com/news/world-us-canada-54238592,
https://www.bbc.com/news/world-us-canada-65161411,
https://www.bbc.com/news/world-us-canada-54670269,
https://www.bbc.com/news/world-us-canada-57004042,
https://www.bbc.com/news/world-us-canada-54330440,
https://www.bbc.com/news/election-us-2020-53898142,
https://www.bbc.com/news/world-us-canada-64442720,
https://www.bbc.com/news/world-us-canada-65548728,
https://www.bbc.com/news/election-us-2020-53844799,
https://www.bbc.com/news/technology-64585429,
https://www.bbc.com/news/live/world-us-canada-65145774,
https://www.bbc.com/news/world-us-canada-62771613,
https://www.bbc.com/news/election-us-2020-53838209,
https://www.bbc.com/news/election-us-2020-53785985,
https://www.bbc.com/news/world-us-canada-65693652,
https://www.bbc.com/news/business-55631570,
https://www.bbc.com/news/world-us-canada-50100808,
https://www.bbc.com/news/world-us-canada-64584825,
https://www.bbc.com/news/world-us-canada-65212196,
https://www.bbc.com/news/world-us-canada-55640427,
https://www.bbc.com/news/world-us-canada-54365718,
https://www.bbc.com/news/world-us-canada-65553964,
https://www.bbc.com/news/world-us-canada-65764319,
https://www.bbc.com/news/63477452,
https://www.bbc.com/news/world-us-canada-51229748,
https://www.bbc.com/news/live/world-us-canada-64189582,
https://www.bbc.com/news/world-us-canada-55987600,
https://www.bbc.com/news/live/world-us-canada-51808352,
https://www.bbc.com/news/world-us-canada-62314119,
https://www.bbc.com/news/world-us-canada-50395008,
https://www.bbc.com/news/world-asia-56960008,
https://www.bbc.com/news/election-us-2020-54377652,
https://www.bbc.com/news/world-us-canada-55850449,
https://www.bbc.com/news/world-us-canada-53058811,
https://www.bbc.com/news/newsbeat-53519230,
https://www.bbc.com/news/world-us-canada-50720350,
https://www.bbc.com/news/world-us-canada-65649229,
https://www.bbc.com/news/world-us-canada-65258583,
https://www.bbc.com/news/world-us-canada-51302248,
https://www.bbc.com/news/business-55986366,
https://www.bbc.com/news/technology-53608108,
https://www.bbc.com/news/election-us-2020-54696500,
https://www.bbc.com/news/business-64322574,
https://www.bbc.com/news/world-us-canada-63435554,
https://www.bbc.com/news/world-us-canada-53315986,
https://www.bbc.com/news/business-54052765,
https://www.bbc.com/news/world-us-canada-63463738,
https://www.bbc.com/news/election-us-2020-53770654,
https://www.bbc.com/news/world-us-canada-64252574,
https://www.bbc.com/news/world-us-canada-51733002,
https://www.bbc.com/news/business-63798111,
https://www.bbc.com/news/world-us-canada-50355758,
https://www.bbc.com/news/election-us-2020-54315285,
https://www.bbc.com/news/world-us-canada-51716348,
https://www.bbc.com/news/world-us-canada-53426285,
https://www.bbc.com/news/world-us-canada-63175193,
https://www.bbc.com/news/world-us-canada-53596705,
https://www.bbc.com/news/election-us-2020-54267454,
https://www.bbc.com/news/world-us-canada-64886188,
https://www.bbc.com/news/world-us-canada-56903805,
https://www.bbc.com/news/world-us-canada-57422618,
https://www.bbc.com/news/world-us-canada-63493606,
https://www.bbc.com/news/world-us-canada-63125238,
https://www.bbc.com/news/world-us-canada-57615638,
https://www.bbc.com/news/world-us-canada-62906102,
https://www.bbc.com/news/world-us-canada-59733713,
https://www.bbc.com/news/world-us-canada-51470131,
https://www.bbc.com/news/live/world-us-canada-65167017,
https://www.bbc.com/news/world-us-canada-56092781,
https://www.bbc.com/news/world-us-canada-63684546,
https://www.bbc.com/news/election-us-2020-54334173,
https://www.bbc.com/news/world-us-canada-62893927,
https://www.bbc.com/news/world-us-canada-63291205,
https://www.bbc.com/news/world-us-canada-50097838,
https://www.bbc.com/news/world-us-canada-57478728,
https://www.bbc.com/news/election-us-2020-53937065,
https://www.bbc.com/news/world-us-canada-53573083,
https://www.bbc.com/news/world-us-canada-55820610,
https://www.bbc.com/news/world-us-canada-56754387,
https://www.bbc.com/news/world-europe-55737651,
https://www.bbc.com/news/world-us-canada-65012096,
https://www.bbc.com/news/world-us-canada-64218179,
https://www.bbc.com/news/world-us-canada-64820356,
https://www.bbc.com/news/world-us-canada-53398575,
https://www.bbc.com/news/world-us-canada-65247635,
https://www.bbc.com/news/world-us-canada-62457386,
https://www.bbc.com/news/world-us-canada-65783589,
https://www.bbc.com/news/world-us-canada-65033875,
https://www.bbc.com/news/world-us-canada-63545194,
https://www.bbc.com/news/election-us-2020-54350538,
https://www.bbc.com/news/world-us-canada-65771669,
https://www.bbc.com/news/world-asia-india-53150214,
https://www.bbc.com/news/world-us-canada-65247122,
https://www.bbc.com/news/election-us-2020-53673797,
https://www.bbc.com/news/world-us-canada-51700771,
https://www.bbc.com/news/business-65428204,
https://www.bbc.com/news/business-65461927,
https://www.bbc.com/news/election-us-2020-53745148,
https://www.bbc.com/news/world-us-canada-51380686,
https://www.bbc.com/news/world-us-canada-55742586,
https://www.bbc.com/news/election-us-2020-53858149,
https://www.bbc.com/news/world-us-canada-65760887,
https://www.bbc.com/news/world-us-canada-53379593,
https://www.bbc.com/news/world-us-canada-55958622,
https://www.bbc.com/news/world-us-canada-65494139,
https://www.bbc.com/news/world-us-canada-61497962,
https://www.bbc.com/news/world-us-canada-59469486,
https://www.bbc.com/news/world-us-canada-56893296,
https://www.bbc.com/news/world-us-canada-63537684,
https://www.bbc.com/news/world-us-canada-65875898,
https://www.bbc.com/news/business-55578191,
https://www.bbc.com/news/election-us-2020-53927766,
https://www.bbc.com/news/world-us-canada-64218330,
https://www.bbc.com/news/election-us-2020-54528974,
https://www.bbc.com/news/world-us-canada-57462047,
https://www.bbc.com/news/business-63040393,
https://www.bbc.com/news/world-us-canada-65183250,
https://www.bbc.com/news/business-52820298,
https://www.bbc.com/news/election-us-2020-53942272,
https://www.bbc.com/news/world-us-canada-51154812,
https://www.bbc.com/news/world-us-canada-52326166,
https://www.bbc.com/news/world-asia-china-53414539,
https://www.bbc.com/news/election-us-2020-53914829,
https://www.bbc.com/news/election-us-2020-54441213,
https://www.bbc.com/news/world-us-canada-64499785,
https://www.bbc.com/news/world-us-canada-51403977,
https://www.bbc.com/news/election-us-2020-54625001,
https://www.bbc.com/news/world-us-canada-52984537,
https://www.bbc.com/news/world-us-canada-64643005,
https://www.bbc.com/news/world-us-canada-65868294,
https://www.bbc.com/news/world-us-canada-62761428,
https://www.bbc.com/news/world-us-canada-54455040,
https://www.bbc.com/news/election-us-2020-54638643,
https://www.bbc.com/news/business-56296499,
https://www.bbc.com/news/world-us-canada-62893028,
https://www.bbc.com/news/election-us-2020-54774137,
https://www.bbc.com/news/world-us-canada-65136641,
https://www.bbc.com/news/world-us-canada-64388523,
https://www.bbc.com/news/business-55652310,
https://www.bbc.com/news/election-us-2020-54561411,
https://www.bbc.com/news/world-us-canada-55960364,
https://www.bbc.com/news/world-us-canada-64293743,
https://www.bbc.com/news/world-us-canada-61889593,
https://www.bbc.com/news/election-us-2020-55494005,
https://www.bbc.com/news/live/world-us-canada-50427731,
https://www.bbc.com/news/world-us-canada-53712328,
https://www.bbc.com/news/world-us-canada-53102820,
https://www.bbc.com/news/world-us-canada-55656823,
https://www.bbc.com/news/world-us-canada-56897184,
https://www.bbc.com/news/world-us-canada-62677948,
https://www.bbc.com/news/world-us-canada-55656995,
https://www.bbc.com/news/world-us-canada-63293755,
https://www.bbc.com/news/world-us-canada-60621796,
https://www.bbc.com/news/world-us-canada-52462113,
https://www.bbc.com/news/world-us-canada-59854916,
https://www.bbc.com/news/business-63798110,
https://www.bbc.com/news/world-us-canada-51623154,
https://www.bbc.com/news/world-us-canada-51549847,
https://www.bbc.com/news/world-us-canada-64347161,
https://www.bbc.com/news/election-us-2020-54240651,
https://www.bbc.com/news/world-us-canada-61755050,
https://www.bbc.com/news/world-us-canada-64127825,
https://www.bbc.com/news/world-us-canada-50702976,
https://www.bbc.com/news/world-us-canada-63508406,
https://www.bbc.com/news/world-us-canada-65814308,
https://www.bbc.com/news/world-us-canada-64653925,
https://www.bbc.com/news/election-us-2020-54503231,
https://www.bbc.com/news/world-us-canada-63375316,
https://www.bbc.com/news/world-us-canada-56368328,
https://www.bbc.com/news/world-us-canada-63711509,
https://www.bbc.com/news/world-us-canada-50438196,
https://www.bbc.com/news/world-us-canada-50079639,
https://www.bbc.com/news/world-us-canada-56057849,
https://www.bbc.com/news/63564964,
https://www.bbc.com/news/world-us-canada-65217437,
https://www.bbc.com/news/world-us-canada-51710945,
https://www.bbc.com/news/world-us-canada-55845756,
https://www.bbc.com/news/world-us-canada-56923515,
https://www.bbc.com/news/business-62884288,
https://www.bbc.com/news/world-us-canada-54060687,
https://www.bbc.com/news/world-us-canada-63125240,
https://www.bbc.com/news/business-56545540,
https://www.bbc.com/news/world-us-canada-51731922,
https://www.bbc.com/news/world-us-canada-60311985,
https://www.bbc.com/news/world-us-canada-65759537,
https://www.bbc.com/news/in-pictures-54654486,
https://www.bbc.com/news/world-us-canada-51877359,
https://www.bbc.com/news/world-us-canada-50834324,
https://www.bbc.com/news/world-us-canada-50787094,
https://www.bbc.com/news/business-62482141,
https://www.bbc.com/news/election-us-2020-54678704,
https://www.bbc.com/news/world-us-canada-55710436,
https://www.bbc.com/news/world-us-canada-53809195,
https://www.bbc.com/news/world-us-canada-65688682,
https://www.bbc.com/news/world-us-canada-65861795,
https://www.bbc.com/news/world-us-canada-65045804,
https://www.bbc.com/news/world-us-canada-60036911,
https://www.bbc.com/news/world-us-canada-64362358,
https://www.bbc.com/news/magazine-37256151,
https://www.bbc.com/news/election-us-2020-54465139,
https://www.bbc.com/news/business-57409049,
https://www.bbc.com/news/world-us-canada-54966531,
https://www.bbc.com/news/business-50582881,
https://www.bbc.com/news/world-us-canada-63654388,
https://www.bbc.com/news/world-us-canada-53589275,
https://www.bbc.com/sport/american-football/64561588,
https://www.bbc.com/news/uk-england-northamptonshire-54589802,
https://www.bbc.com/news/entertainment-arts-64221538,
https://www.bbc.com/news/world-us-canada-54782625,
https://www.bbc.com/news/world-us-canada-62569056,
https://www.bbc.com/news/world-us-canada-50863967,
https://www.bbc.com/news/business-55564482,
https://www.bbc.com/news/world-us-canada-50146358,
https://www.bbc.com/news/world-us-canada-65184936,
https://www.bbc.com/news/world-us-canada-40409490,
https://www.bbc.com/news/world-us-canada-51763333,
https://www.bbc.com/news/world-us-canada-63724223,
https://www.bbc.com/news/world-us-canada-56019113,
https://www.bbc.com/news/world-us-canada-64670742,
https://www.bbc.com/news/world-us-canada-50338937,
https://www.bbc.com/news/world-us-canada-62655157,
https://www.bbc.com/news/election-us-2020-54804080,
https://www.bbc.com/news/election-us-2020-54507550,
https://www.bbc.com/news/election-us-2020-53914814,
https://www.bbc.com/news/business-52220020,
https://www.bbc.com/news/world-us-canada-65881780,
https://www.bbc.com/news/world-us-canada-50732900,
https://www.bbc.com/news/world-us-canada-64489485,
https://www.bbc.com/news/world-us-canada-65331843,
https://www.bbc.com/news/business-55739421,
https://www.bbc.com/news/world-us-canada-64519394,
https://www.bbc.com/news/world-us-canada-60679930,
https://www.bbc.com/news/business-65180127,
https://www.bbc.com/news/world-us-canada-64267983,
https://www.bbc.com/news/world-us-canada-54875344,
https://www.bbc.com/news/world-us-canada-63612410,
https://www.bbc.com/news/uk-politics-53595423,
https://www.bbc.com/news/world-us-canada-51408569,
https://www.bbc.com/news/world-us-canada-55836163,
https://www.bbc.com/news/world-us-canada-63137023,
https://www.bbc.com/news/world-us-canada-64644518,
https://www.bbc.com/news/live/world-us-canada-62639621,
https://www.bbc.com/news/world-us-canada-49377676,
https://www.bbc.com/news/live/world-us-canada-63540637,
https://www.bbc.com/news/world-us-canada-63180007,
https://www.bbc.com/news/world-us-canada-51375880,
https://www.bbc.com/news/election-us-2020-54736485,
https://www.bbc.com/news/world-us-canada-50424392,
https://www.bbc.com/news/world-us-canada-50450349,
https://www.bbc.com/news/world-us-canada-61687874,
https://www.bbc.com/news/world-us-canada-48726642,
https://www.bbc.com/news/world-us-canada-50323190,
https://www.bbc.com/news/world-us-canada-57082070,
https://www.bbc.com/news/world-us-canada-63530374,
https://www.bbc.com/news/world-us-canada-62129843,
https://www.bbc.com/news/world-us-canada-50694769,
https://www.bbc.com/news/world-us-canada-62761333,
https://www.bbc.com/news/election-us-2020-54350219,
https://www.bbc.com/news/world-us-canada-50336197,
https://www.bbc.com/news/world-us-canada-62405677,
https://www.bbc.com/news/technology-54965344,
https://www.bbc.com/news/world-us-canada-55750884,
https://www.bbc.com/news/election-us-2020-54094560,
https://www.bbc.com/news/world-us-canada-46824649,
https://www.bbc.com/news/world-us-canada-62328875,
https://www.bbc.com/news/world-us-canada-56748047,
https://www.bbc.com/news/world-us-canada-64878254,
https://www.bbc.com/news/63486497,
https://www.bbc.com/news/world-us-canada-61574576,
https://www.bbc.com/news/world-us-canada-52299468,
https://www.bbc.com/news/world-us-canada-63501157,
https://www.bbc.com/news/world-55008828,
https://www.bbc.com/news/world-us-canada-50936816,
https://www.bbc.com/news/world-us-canada-64355407,
https://www.bbc.com/news/world-us-canada-50497635,
https://www.bbc.com/news/entertainment-arts-63595322,
https://www.bbc.com/news/world-us-canada-63476147,
https://www.bbc.com/news/election-us-2020-55203838,
https://www.bbc.com/news/world-us-canada-59395804,
https://www.bbc.com/news/world-us-canada-54875343,
https://www.bbc.com/news/world-us-canada-64488011,
https://www.bbc.com/news/world-us-canada-64392871,
https://www.bbc.com/news/world-us-canada-64347994,
https://www.bbc.com/news/election-us-2020-54859806,
https://www.bbc.com/news/world-us-canada-51366831,
https://www.bbc.com/news/world-us-canada-63408234,
https://www.bbc.com/news/world-us-canada-59526098,
https://www.bbc.com/news/world-us-canada-63586485,
https://www.bbc.com/news/world-us-canada-53188189,
https://www.bbc.com/news/world-us-canada-65563992,
https://www.bbc.com/news/world-us-canada-61489046,
https://www.bbc.com/news/world-us-canada-65666067,
https://www.bbc.com/news/world-us-canada-53562432,
https://www.bbc.com/news/world-us-canada-50871951,
https://www.bbc.com/news/world-us-canada-65192680,
https://www.bbc.com/news/world-us-canada-64658951,
https://www.bbc.com/news/world-us-canada-50731010,
https://www.bbc.com/news/world-us-canada-65897823,
https://www.bbc.com/news/world-us-canada-55845763,
https://www.bbc.com/news/world-us-canada-54972389,
https://www.bbc.com/news/world-us-canada-63967485,
https://www.bbc.com/news/election-us-2020-54487380,
https://www.bbc.com/news/world-us-canada-51417722,
https://www.bbc.com/news/world-us-canada-65132553,
https://www.bbc.com/news/world-us-canada-64158234,
https://www.bbc.com/news/world-us-canada-53328654,
https://www.bbc.com/news/world-us-canada-34006916,
https://www.bbc.com/news/live/world-us-canada-51243762,
https://www.bbc.com/news/world-us-canada-65171542,
https://www.bbc.com/news/world-us-canada-56300363,
https://www.bbc.com/news/election-us-2020-54835724,
https://www.bbc.com/news/live/world-us-canada-55745861,
https://www.bbc.com/news/world-us-canada-65863401,
https://www.bbc.com/news/world-us-canada-63877553,
https://www.bbc.com/news/world-us-canada-62486616,
https://www.bbc.com/news/world-us-canada-57166735,
https://www.bbc.com/news/world-us-canada-50352801,
https://www.bbc.com/news/world-us-canada-64159615,
https://www.bbc.com/news/world-us-canada-64550143,
https://www.bbc.com/news/world-us-canada-63627007,
https://www.bbc.com/news/election-us-2020-54162722,
https://www.bbc.com/news/world-us-canada-51564552,
https://www.bbc.com/newsround/45272584,
https://www.bbc.com/news/world-us-canada-51493408,
https://www.bbc.com/news/world-us-canada-65281876,
https://www.bbc.com/news/world-us-canada-51668258,
https://www.bbc.com/news/world-us-canada-65813361,
https://www.bbc.com/news/world-us-canada-63629003,
https://www.bbc.com/news/business-55723921,
https://www.bbc.com/news/world-us-canada-60855139,
https://www.bbc.com/news/election-us-2020-54381500,
https://www.bbc.com/news/world-us-canada-52390483,
https://www.bbc.com/news/world-us-canada-65452444,
https://www.bbc.com/news/world-us-canada-53129524,
https://www.bbc.com/news/world-us-canada-65184050,
https://www.bbc.com/news/world-us-canada-62761332,
https://www.bbc.com/news/world-us-canada-50305467,
https://www.bbc.com/news/world-us-canada-65932944,
https://www.bbc.com/news/world-us-canada-63494618,
https://www.bbc.com/news/world-us-canada-64839419,
https://www.bbc.com/news/world-us-canada-63564839,
https://www.bbc.com/news/world-us-canada-51939829,
https://www.bbc.com/news/business-61569559,
https://www.bbc.com/news/world-us-canada-63579442,
https://www.bbc.com/news/world-us-canada-59867530,
https://www.bbc.com/news/world-us-canada-61767628,
https://www.bbc.com/news/56531877,
https://www.bbc.com/news/world-us-canada-64187736,
https://www.bbc.com/news/world-us-canada-65839793,
https://www.bbc.com/news/world-us-canada-62585660,
https://www.bbc.com/news/world-us-canada-50752217,
https://www.bbc.com/news/world-us-canada-63139649,
https://www.bbc.com/news/world-us-canada-50634645,
https://www.bbc.com/news/business-64576224,
https://www.bbc.com/news/world-us-canada-63430150,
https://www.bbc.com/news/newsbeat-55704181,
https://www.bbc.com/news/business-60825216,
https://www.bbc.com/news/world-us-canada-65881074,
https://www.bbc.com/news/world-us-canada-64407273,
https://www.bbc.com/news/business-65305166,
https://www.bbc.com/news/election-us-2020-54003441,
https://www.bbc.com/news/world-us-canada-55481521,
https://www.bbc.com/news/election-us-2020-54689293,
https://www.bbc.com/news/world-us-canada-61274333,
https://www.bbc.com/news/world-us-canada-63470826,
https://www.bbc.com/news/world-us-canada-65918155,
https://www.bbc.com/news/world-us-canada-62696076,
https://www.bbc.com/news/world-us-canada-64182423,
https://www.bbc.com/news/business-63233077,
https://www.bbc.com/news/business-65627854,
https://www.bbc.com/news/world-us-canada-64670196,
https://www.bbc.com/news/world-us-canada-65676137,
https://www.bbc.com/news/world-us-canada-63579561,
https://www.bbc.com/news/election-us-2020-54392767,
https://www.bbc.com/news/election-us-2020-54645608,
https://www.bbc.com/news/world-us-canada-53371756,
https://www.bbc.com/news/business-60904900,
https://www.bbc.com/news/world-us-canada-53412598,
https://www.bbc.com/news/world-us-canada-63494615,
https://www.bbc.com/news/world-us-canada-64341875,
https://www.bbc.com/news/world-us-canada-63599834,
https://www.bbc.com/news/election-us-2020-54472975,
https://www.bbc.com/news/election-us-2020-55489392,
https://www.bbc.com/news/world-us-canada-56093103,
https://www.bbc.com/news/world-us-canada-62473654,
https://www.bbc.com/news/world-us-canada-51231047,
https://www.bbc.com/news/world-us-canada-53884591,
https://www.bbc.com/news/business-65633280,
https://www.bbc.com/news/live/world-us-canada-63600151,
https://www.bbc.com/news/world-us-canada-62557849,
https://www.bbc.com/news/world-us-canada-64257109,
https://www.bbc.com/news/world-us-canada-56221371,
https://www.bbc.com/news/world-us-canada-50463702,
https://www.bbc.com/news/world-us-canada-53645548,
https://www.bbc.com/news/world-us-canada-51394383,
https://www.bbc.com/news/world-us-canada-53088354,
https://www.bbc.com/news/world-us-canada-65381883,
https://www.bbc.com/news/world-us-canada-64370167,
https://www.bbc.com/news/world-us-canada-61687873,
https://www.bbc.com/news/election-us-2020-55268371,
https://www.bbc.com/news/world-us-canada-50802150,
https://www.bbc.com/news/world-us-canada-65499141,
https://www.bbc.com/news/live/world-us-canada-64489797,
https://www.bbc.com/news/world-us-canada-53575883,
https://www.bbc.com/news/world-us-canada-65382073,
https://www.bbc.com/news/world-us-canada-63563862,
https://www.bbc.com/news/world-us-canada-60328163,
https://www.bbc.com/news/world-us-canada-63618188,
https://www.bbc.com/news/election-us-2020-54724957,
https://www.bbc.com/news/world-us-canada-63814432,
https://www.bbc.com/news/live/world-us-canada-61753864,
https://www.bbc.com/news/business-63488471,
https://www.bbc.com/news/world-us-canada-61753870,
https://www.bbc.com/news/election-us-2020-54909817,
https://www.bbc.com/news/world-us-canada-64257918,
https://www.bbc.com/news/business-61752799,
https://www.bbc.com/news/election-us-2020-55062413,
https://www.bbc.com/news/world-us-canada-57871370,
https://www.bbc.com/news/world-us-canada-50203276,
https://www.bbc.com/news/world-asia-india-65947363,
https://www.bbc.com/news/world-us-canada-55683899,
https://www.bbc.com/news/world-us-canada-57250697,
https://www.bbc.com/news/world-us-canada-64290971,
https://www.bbc.com/news/world-us-canada-63638929,
https://www.bbc.com/news/world-us-canada-52771783,
https://www.bbc.com/news/world-us-canada-50671570,
https://www.bbc.com/news/election-us-2020-53858819,
https://www.bbc.com/news/world-us-canada-12221823,
https://www.bbc.com/news/world-us-canada-63435454,
https://www.bbc.com/news/world-us-canada-50975356,
https://www.bbc.com/news/world-us-canada-50408246,
https://www.bbc.com/news/election-us-2020-53815566,
https://www.bbc.com/news/world-us-canada-50471352,
https://www.bbc.com/news/world-us-canada-51506972,
https://www.bbc.com/news/world-us-canada-51230984,
https://www.bbc.com/news/world-us-canada-59159008,
https://www.bbc.com/news/world-us-canada-50064723,
https://www.bbc.com/news/in-pictures-54803440,
https://www.bbc.com/news/world-us-canada-65642944,
https://www.bbc.com/news/world-us-canada-54270478,
https://www.bbc.com/news/world-us-canada-65167341,
https://www.bbc.com/news/world-us-canada-57244860,
https://www.bbc.com/news/world-us-canada-51506976,
https://www.bbc.com/news/world-us-canada-51803145,
https://www.bbc.com/news/world-us-canada-65713732,
https://www.bbc.com/news/live/world-us-canada-63497994,
https://www.bbc.com/news/world-us-canada-51214457,
https://www.bbc.com/news/world-us-canada-53373128,
https://www.bbc.com/news/world-us-canada-64171119,
https://www.bbc.com/news/world-us-canada-51466036,
https://www.bbc.com/news/world-us-canada-65165590,
https://www.bbc.com/news/election-us-2020-54096399,
https://www.bbc.com/news/world-us-canada-65016981,
https://www.bbc.com/news/business-65474459,
https://www.bbc.com/news/50147048,
https://www.bbc.com/news/election-us-2020-54457206,
https://www.bbc.com/news/live/world-us-canada-50505709,
https://www.bbc.com/news/world-us-canada-65464935,
https://www.bbc.com/news/world-us-canada-63335451,
https://www.bbc.com/news/world-us-canada-65208051,
https://www.bbc.com/news/election-us-2020-54427390,
https://www.bbc.com/news/world-us-canada-61735605,
https://www.bbc.com/news/world-us-canada-51761233,
https://www.bbc.com/news/election-us-2020-55517626,
https://www.bbc.com/news/world-us-canada-63842781,
https://www.bbc.com/news/world-us-canada-65464667,
https://www.bbc.com/news/world-us-canada-63567422,
https://www.bbc.com/news/world-latin-america-63237802,
https://www.bbc.com/news/world-us-canada-62568772,
https://www.bbc.com/news/world-us-canada-65259383,
https://www.bbc.com/news/world-us-canada-51486231,
https://www.bbc.com/news/technology-60922717,
https://www.bbc.com/news/world-us-canada-39945744,
https://www.bbc.com/news/business-55564483,
https://www.bbc.com/news/world-us-canada-56350463,
https://www.bbc.com/news/election-us-2020-53704860,
https://www.bbc.com/news/world-us-canada-63471039,
https://www.bbc.com/news/live/world-us-canada-56527732,
https://www.bbc.com/news/world-us-canada-53467658,
https://www.bbc.com/news/world-us-canada-65034653,
https://www.bbc.com/news/world-us-canada-65372527,
https://www.bbc.com/news/world-us-canada-63587652,
https://www.bbc.com/news/world-us-canada-55642101,
https://www.bbc.com/news/world-us-canada-50214895,
https://www.bbc.com/news/world-us-canada-50625550,
https://www.bbc.com/news/world-us-canada-63527765,
https://www.bbc.com/news/world-us-canada-64193932,
https://www.bbc.com/news/world-us-canada-51566495,
https://www.bbc.com/news/business-64059437,
https://www.bbc.com/news/world-us-canada-65965473,
https://www.bbc.com/news/world-us-canada-65852340,
https://www.bbc.com/news/world-us-canada-65624823,
https://www.bbc.com/news/world-us-canada-66003915,
https://www.bbc.com/news/world-us-canada-52029546,
https://www.bbc.com/news/world-us-canada-61591236,
https://www.bbc.com/news/world-us-canada-64377363,
https://www.bbc.com/news/world-us-canada-63548188,
https://www.bbc.com/news/world-us-canada-50481877,
https://www.bbc.com/news/world-us-canada-51251395,
https://www.bbc.com/news/world-us-canada-65781359,
https://www.bbc.com/news/world-us-canada-60000763,
https://www.bbc.com/news/election-us-2020-53928422,
https://www.bbc.com/news/world-us-canada-55191808,
https://www.bbc.com/news/world-us-canada-63863417,
https://www.bbc.com/news/election-us-2020-54635713,
https://www.bbc.com/news/world-us-canada-64321153,
https://www.bbc.com/news/world-us-canada-64806760,
https://www.bbc.com/news/world-us-canada-64270906,
https://www.bbc.com/news/world-us-canada-60934574,
https://www.bbc.com/news/election-us-2020-54899230,
https://www.bbc.com/news/world-us-canada-50417641,
https://www.bbc.com/news/world-us-canada-53102021,
